disease,symptoms
Psoriasis,"Red scaly patches on skin with intense itching"
Psoriasis,"Silvery flakes on scalp and elbows with peeling"
Psoriasis,"Joint pain accompanying widespread skin rashes"
Psoriasis,"Nail pitting with small dents and separation"
Psoriasis,"Skin rash worsening dramatically in dry weather"
Psoriasis,"Sudden skin peeling in patches on arms and legs"
Psoriasis,"Unbearable itching that disrupts sleep patterns"
Psoriasis,"Silver dusting appearance on back and scalp"
Psoriasis,"Painful cracking and fissures on palms and soles"
Psoriasis,"Red inflamed skin around mouth and nasal areas"
Psoriasis,"Thick red patches developing on knees and elbows"
Psoriasis,"Itchy spots triggered by stress or illness"
Psoriasis,"Bleeding skin lesions from accidental scratching"
Psoriasis,"Nail separation from bed with characteristic pitting"
Psoriasis,"Inverse psoriasis affecting armpit and groin folds"
Psoriasis,"Guttate psoriasis appearing as small drop-like lesions"
Psoriasis,"Pustular psoriasis with white blisters containing pus"
Psoriasis,"Erythrodermic psoriasis causing widespread redness"
Psoriasis,"Burning sore sensation in all affected skin areas"
Psoriasis,"Psoriatic arthritis causing swollen painful joints"
Psoriasis,"Scalp psoriasis with severe flaking resembling dandruff"
Psoriasis,"Skin plaques appearing on lower back and buttocks"
Psoriasis,"Skin thickening with significant plaque buildup"
Psoriasis,"Nighttime itching that interrupts sleep cycles"
Psoriasis,"Extremely dry flaky skin requiring constant moisturizing"
Psoriasis,"Skin lesions that appear at sites of previous injuries"
Psoriasis,"Circular patches with clear centers on torso"
Psoriasis,"Thickened skin on palms making movement difficult"
Psoriasis,"Scaly patches behind ears and along hairline"
Psoriasis,"Skin feels tight and painful after bathing"
Psoriasis,"Red patches that spread when scratched repeatedly"
Psoriasis,"Nail separation causing significant pain and discomfort"
Psoriasis,"Skin plaques that itch more during stressful periods"
Psoriasis,"Dry flaky skin that sheds white particles constantly"
Psoriasis,"Inflammation in skin folds causing constant discomfort"
Psoriasis,"Patches that appear symmetrical on both body sides"
Psoriasis,"Skin feels uncomfortable when wearing tight clothing"
Psoriasis,"Flaking that leaves skin red tender and sensitive"
Psoriasis,"Joint swelling that correlates with skin symptoms"
Psoriasis,"Skin lesions resistant to over-the-counter creams"
Psoriasis,"Itching severe enough to cause sleep deprivation"
Psoriasis,"Patches that become infected from excessive scratching"
Psoriasis,"Nail pain when pressure is applied during activities"
Psoriasis,"Scalp scaling that requires special medicated shampoos"
Psoriasis,"Skin improvement after swimming in salt water"
Psoriasis,"Patches that change color from red to brown over time"
Psoriasis,"Itching that makes focusing on work difficult"
Psoriasis,"Skin plaques that crack painfully in cold weather"
Psoriasis,"Joint pain that limits daily physical activities"
Psoriasis,"Visible skin shedding on furniture and clothing"
Psoriasis,"Burning sensation requiring cold compresses for relief"
Psoriasis,"Patches that appear after viral infections like strep"
Psoriasis,"Nail thickening and abnormal growth patterns"
Psoriasis,"Skin feels irritated by most fabric types"
Psoriasis,"Itching that responds only to prescription treatments"
Psoriasis,"Patches that leave temporary marks when healed"
Psoriasis,"Joint stiffness worse during morning hours"
Psoriasis,"Skin feels extremely sensitive to temperature changes"
Psoriasis,"Flaking that occurs throughout the daytime hours"
Psoriasis,"Itching that disturbs normal social interactions"
Psoriasis,"Patches that bleed with minimal friction or contact"
Psoriasis,"Nail deformities that affect daily manual tasks"
Psoriasis,"Skin plaques that feel warm compared to surrounding skin"
Psoriasis,"Itching that varies with hormonal changes in body"
Psoriasis,"Patches that appear during periods of high stress"
Psoriasis,"Joint swelling that makes movement painful and limited"
Psoriasis,"Skin feels uncomfortable in humid weather conditions"
Psoriasis,"Visible inflammation that attracts unwanted attention"
Psoriasis,"Itching that requires constant attention and scratching"
Psoriasis,"Patches that resist healing for several weeks"
Psoriasis,"Nail changes that cause social embarrassment"
Psoriasis,"Skin feels better with specific dietary changes"
Psoriasis,"Flaking that increases after hot showers or baths"
Psoriasis,"Itching that interferes with intimate relationships"
Psoriasis,"Patches that appear in unusual body locations"
Psoriasis,"Joint pain that requires regular pain medication"
Psoriasis,"Skin feels tight after applying topical treatments"
Psoriasis,"Visible scaling that affects clothing choices"
Psoriasis,"Itching that worsens during seasonal changes"
Psoriasis,"Patches that become more prominent with aging"
Psoriasis,"Nail problems that make typing and writing difficult"
Psoriasis,"Skin feels uncomfortable during physical exercise"
Psoriasis,"Flaking that creates mess in living spaces"
Psoriasis,"Itching that causes skin damage from scratching"
Psoriasis,"Patches that respond differently to various treatments"
Psoriasis,"Joint symptoms that fluctuate with skin condition"
Psoriasis,"Skin feels sensitive to most skincare products"
Psoriasis,"Visible symptoms that affect self-confidence levels"
Psoriasis,"Itching that requires medical intervention"
Psoriasis,"Patches that have distinct seasonal patterns"
Psoriasis,"Nail issues that require special care and attention"
Psoriasis,"Skin feels better with consistent treatment routine"
Psoriasis,"Flaking that affects overall sleep quality"
Psoriasis,"Itching that varies throughout the day"
Psoriasis,"Patches that change with weather conditions"
Psoriasis,"Joint discomfort that limits physical activities"
Psoriasis,"Skin feels different from normal skin texture"
Psoriasis,"Visible symptoms that draw unwanted comments"
Psoriasis,"Itching that becomes background constant sensation"
Psoriasis,"Patches that have been present for many years"
Varicose Veins,"Heaviness and discomfort in both legs"
Varicose Veins,"Prominent blue veins under skin surface"
Varicose Veins,"Evening leg swelling affecting mobility"
Varicose Veins,"Frequent unexplained leg bruising"
Varicose Veins,"Calf pain after short walking distances"
Varicose Veins,"Stair climbing significantly increases pain"
Varicose Veins,"Twisted protruding blood vessels visible"
Varicose Veins,"Itchy inflamed skin around affected veins"
Varicose Veins,"Nighttime leg cramping episodes"
Varicose Veins,"Dark purple or blue vein coloration"
Varicose Veins,"Ankle area skin discoloration present"
Varicose Veins,"Dry itchy skin over varicose veins"
Varicose Veins,"Legs feel tired and restless at night"
Varicose Veins,"Standing for long periods worsens pain"
Varicose Veins,"Veins feel hard and cord-like to touch"
Varicose Veins,"Minor bleeding occurs from varicose veins"
Varicose Veins,"Superficial thrombophlebitis causing redness"
Varicose Veins,"Lipodermatosclerosis causing skin hardening"
Varicose Veins,"Venous eczema developing around affected veins"
Varicose Veins,"Skin ulcers forming near ankles in severe cases"
Varicose Veins,"Legs feel better when elevated properly"
Varicose Veins,"Veins become more visible during pregnancy"
Varicose Veins,"Hormonal changes affect vein appearance"
Varicose Veins,"Family history of vein problems exists"
Varicose Veins,"Spider veins appearing around larger veins"
Varicose Veins,"Aching pain that worsens as day progresses"
Varicose Veins,"Muscle cramping in calves and thighs"
Varicose Veins,"Burning sensation along vein pathways"
Varicose Veins,"Throbbing pain in affected leg areas"
Varicose Veins,"Swelling that pits when pressed"
Varicose Veins,"Skin changes including thickening"
Varicose Veins,"Itching that leads to scratching"
Varicose Veins,"Discomfort when wearing tight clothing"
Varicose Veins,"Pain relief when walking or moving"
Varicose Veins,"Warmth over affected vein areas"
Varicose Veins,"Redness along vein pathways"
Varicose Veins,"Tenderness when touching veins"
Varicose Veins,"Leg fatigue after minimal activity"
Varicose Veins,"Restless legs syndrome symptoms"
Varicose Veins,"Difficulty finding comfortable positions"
Varicose Veins,"Pain that interferes with sleep"
Varicose Veins,"Swelling that makes shoes feel tight"
Varicose Veins,"Visible vein networks under skin"
Varicose Veins,"Veins that bulge when standing"
Varicose Veins,"Pain that radiates down leg"
Varicose Veins,"Heaviness feeling like weights"
Varicose Veins,"Skin discoloration around ankles"
Varicose Veins,"Dry scaly skin on lower legs"
Varicose Veins,"Itching that worsens at night"
Varicose Veins,"Pain after prolonged sitting"
Varicose Veins,"Veins that feel rope-like"
Varicose Veins,"Swelling after long flights"
Varicose Veins,"Pain during weather changes"
Varicose Veins,"Visible vein pulsations"
Varicose Veins,"Leg weakness sensation"
Varicose Veins,"Cramping during sleep"
Varicose Veins,"Pain when bending over"
Varicose Veins,"Swelling in foot arches"
Varicose Veins,"Tingling sensations in legs"
Varicose Veins,"Numbness in affected areas"
Varicose Veins,"Pain that wakes at night"
Varicose Veins,"Difficulty crossing legs"
Varicose Veins,"Pain when climbing stairs"
Varicose Veins,"Swelling after exercise"
Varicose Veins,"Veins that change color"
Varicose Veins,"Pain during menstruation"
Varicose Veins,"Swelling during hot weather"
Varicose Veins,"Itching after showering"
Varicose Veins,"Pain when wearing heels"
Varicose Veins,"Swelling in morning"
Varicose Veins,"Veins that feel tender"
Varicose Veins,"Pain when pressure applied"
Varicose Veins,"Swelling after eating salt"
Varicose Veins,"Itching in warm environments"
Varicose Veins,"Pain during pregnancy"
Varicose Veins,"Swelling during travel"
Varicose Veins,"Veins that appear suddenly"
Varicose Veins,"Pain with hormonal changes"
Varicose Veins,"Swelling with medication"
Varicose Veins,"Itching with certain fabrics"
Varicose Veins,"Pain during ovulation"
Varicose Veins,"Swelling with dehydration"
Varicose Veins,"Veins that bleed easily"
Varicose Veins,"Pain during stress periods"
Varicose Veins,"Swelling with heart conditions"
Varicose Veins,"Itching with lotion application"
Varicose Veins,"Pain during blood pressure"
Varicose Veins,"Swelling with kidney issues"
Varicose Veins,"Veins that change size"
Varicose Veins,"Pain during temperature changes"
Varicose Veins,"Swelling with liver conditions"
Varicose Veins,"Itching with sweat accumulation"
Varicose Veins,"Pain during physical exams"
Varicose Veins,"Swelling with allergic reactions"
Varicose Veins,"Veins that feel warm"
Varicose Veins,"Pain during ultrasound"
Varicose Veins,"Swelling with infections"
Varicose Veins,"Itching with bandage use"
Varicose Veins,"Pain during compression"
Varicose Veins,"Swelling with arthritis"
Asthma,"Difficulty breathing especially during nighttime hours"
Asthma,"Wheezing and chest tightness occurring frequently"
Asthma,"Shortness of breath even with mild physical activity"
Asthma,"Waking up coughing frequently during the night"
Asthma,"Exercise triggers breathing problems immediately"
Asthma,"Chest feels heavy and tight during cold weather"
Asthma,"Coughing frequently after dust or pollen exposure"
Asthma,"Breathing becomes labored when lying down flat"
Asthma,"Allergic triggers worsen asthma symptoms significantly"
Asthma,"Feeling short of breath even while at rest"
Asthma,"Coughing fits occur after laughing or crying"
Asthma,"Rapid breathing happens during asthma attacks"
Asthma,"Inability to complete sentences due to breathlessness"
Asthma,"Anxiety increases during breathing difficulties"
Asthma,"Peak flow meter readings show decreased numbers"
Asthma,"Symptoms worsen during respiratory infections"
Asthma,"Chest feels constricted like a tight band"
Asthma,"Whistling sound when breathing out"
Asthma,"Neck and chest muscles tighten during attacks"
Asthma,"Blue lips or fingernails during severe episodes"
Asthma,"Exercise-induced bronchoconstriction occurs"
Asthma,"Allergy to pets triggers asthma symptoms"
Asthma,"Mold or damp environments worsen breathing"
Asthma,"Cold air causes immediate chest tightness"
Asthma,"Strong emotions trigger asthma attacks"
Asthma,"Chest pain during breathing difficulties"
Asthma,"Rapid heartbeat during asthma episodes"
Asthma,"Difficulty speaking full sentences"
Asthma,"Feeling of suffocation or drowning"
Asthma,"Sweating during severe attacks"
Asthma,"Pale skin during breathing problems"
Asthma,"Nasal flaring during labored breathing"
Asthma,"Use of accessory breathing muscles"
Asthma,"Inability to lie flat during attacks"
Asthma,"Preference for sitting upright"
Asthma,"Feeling of air hunger"
Asthma,"Cough that produces mucus"
Asthma,"Throat clearing constantly"
Asthma,"Chest congestion feeling"
Asthma,"Breathing through mouth"
Asthma,"Fatigue after attacks"
Asthma,"Headache from coughing"
Asthma,"Sleep disturbances frequent"
Asthma,"Reduced exercise tolerance"
Asthma,"Weather changes trigger symptoms"
Asthma,"Humidity affects breathing patterns"
Asthma,"Smoke exposure worsens condition"
Asthma,"Perfume triggers asthma symptoms"
Asthma,"Chemical fumes cause breathing problems"
Asthma,"Cleaning products affect breathing ability"
Asthma,"Air pollution exacerbates symptoms"
Asthma,"Respiratory infections trigger attacks"
Asthma,"Sinus problems worsen asthma condition"
Asthma,"GERD exacerbates asthma symptoms"
Asthma,"Stress increases attack frequency"
Asthma,"Anxiety precipitates asthma attacks"
Asthma,"Laughing causes coughing fits"
Asthma,"Talking triggers asthma symptoms"
Asthma,"Eating large meals worsens breathing"
Asthma,"Alcohol consumption affects asthma"
Asthma,"Medication side effects occur"
Asthma,"Seasonal pattern evident in symptoms"
Asthma,"Workplace exposures trigger attacks"
Asthma,"Indoor allergens affect breathing"
Asthma,"Outdoor allergens worsen condition"
Asthma,"Dust mite sensitivity present"
Asthma,"Pollen allergy evident in symptoms"
Asthma,"Animal dander triggers attacks"
Asthma,"Cockroach allergen affects breathing"
Asthma,"Mold spore sensitivity present"
Asthma,"Food allergies connected to asthma"
Asthma,"Aspirin sensitivity present in some"
Asthma,"NSAID intolerance exists in patients"
Asthma,"Sulfite sensitivity noted in some"
Asthma,"Exercise limitation significant"
Asthma,"Daily activity restriction present"
Asthma,"School or work absence due to asthma"
Asthma,"Emergency room visits required"
Asthma,"Hospitalizations needed for control"
Asthma,"Rescue inhaler overuse occurs"
Asthma,"Preventer medication needed daily"
Asthma,"Steroid dependence develops"
Asthma,"Peak flow variability present"
Asthma,"Morning dipping pattern evident"
Asthma,"Nocturnal symptoms prominent"
Asthma,"Daytime symptoms persistent"
Asthma,"Quality of life affected significantly"
Asthma,"Physical limitation evident daily"
Asthma,"Social activities restricted due to asthma"
Asthma,"Sports participation limited"
Asthma,"Sleep quality poor due to symptoms"
Asthma,"Concentration affected by breathing"
Asthma,"Work performance decreased"
Asthma,"School performance impacted"
Asthma,"Family life affected by condition"
Asthma,"Psychological distress present"
Asthma,"Depression related to chronic illness"
Asthma,"Anxiety disorder present with asthma"
Asthma,"Fear of attacks constant concern"
Asthma,"Medication concerns about side effects"
Chronic Kidney Disease,"Feet and face noticeably swollen"
Chronic Kidney Disease,"Unusually tired and weak daily"
Chronic Kidney Disease,"Urine output decreased significantly"
Chronic Kidney Disease,"Foamy urine and frequent nausea"
Chronic Kidney Disease,"Shortness of breath due to fluid"
Chronic Kidney Disease,"Loss of appetite and weight"
Chronic Kidney Disease,"Blood pressure unusually high"
Chronic Kidney Disease,"Persistent pain in lower back"
Chronic Kidney Disease,"Sleep disturbed due to leg cramps"
Chronic Kidney Disease,"Nauseated after eating meals"
Chronic Kidney Disease,"Muscle twitching occurs frequently"
Chronic Kidney Disease,"Metallic taste in mouth persists"
Chronic Kidney Disease,"Ammonia smell on breath noticed"
Chronic Kidney Disease,"Skin feels itchy all over body"
Chronic Kidney Disease,"Difficulty concentrating mentally"
Chronic Kidney Disease,"Hands and feet feel numb"
Chronic Kidney Disease,"Darkened skin color changes"
Chronic Kidney Disease,"Easy bruising and bleeding"
Chronic Kidney Disease,"Fluid retention causes puffiness"
Chronic Kidney Disease,"Proteinuria detected in urine tests"
Chronic Kidney Disease,"Anemia develops due to kidney failure"
Chronic Kidney Disease,"Bone pain and fractures occur"
Chronic Kidney Disease,"High potassium levels cause problems"
Chronic Kidney Disease,"High phosphorus levels affect bones"
Chronic Kidney Disease,"Urine appears dark and concentrated"
Chronic Kidney Disease,"Decreased urine output noticeably"
Chronic Kidney Disease,"Swelling in ankles and feet daily"
Chronic Kidney Disease,"Puffiness around eyes in morning"
Chronic Kidney Disease,"Fatigue that doesn't improve with rest"
Chronic Kidney Disease,"Weakness in muscles throughout body"
Chronic Kidney Disease,"Loss of appetite significant and persistent"
Chronic Kidney Disease,"Nausea and vomiting become frequent"
Chronic Kidney Disease,"Sleep problems become persistent issue"
Chronic Kidney Disease,"Muscle cramps occur mainly at night"
Chronic Kidney Disease,"Itchy skin without visible rash present"
Chronic Kidney Disease,"Chest pain if fluid builds around heart"
Chronic Kidney Disease,"Shortness of breath worsens with activity"
Chronic Kidney Disease,"High blood pressure difficult to control"
Chronic Kidney Disease,"Headaches from hypertension become common"
Chronic Kidney Disease,"Decreased mental sharpness noticeable"
Chronic Kidney Disease,"Trouble concentrating becomes ongoing issue"
Chronic Kidney Disease,"Metallic taste in mouth becomes constant"
Chronic Kidney Disease,"Bad breath that smells like urine"
Chronic Kidney Disease,"Weight loss unintentional and significant"
Chronic Kidney Disease,"General malaise feeling persists daily"
Chronic Kidney Disease,"Poor appetite becomes persistent problem"
Chronic Kidney Disease,"Muscle twitches occur randomly"
Chronic Kidney Disease,"Weakness in limbs affects mobility"
Chronic Kidney Disease,"Fatigue becomes overwhelming daily"
Chronic Kidney Disease,"Sleepiness during day interferes with life"
Chronic Kidney Disease,"Difficulty staying awake during daytime"
Chronic Kidney Disease,"Lethargy becomes pronounced feature"
Chronic Kidney Disease,"Reduced urine output becomes obvious"
Chronic Kidney Disease,"Urination changes become noticeable"
Chronic Kidney Disease,"Foamy urine becomes persistent finding"
Chronic Kidney Disease,"Bubbles in urine don't disappear"
Chronic Kidney Disease,"Urine becomes dark colored consistently"
Chronic Kidney Disease,"Blood in urine sometimes visible"
Chronic Kidney Disease,"Urinary frequency changes significantly"
Chronic Kidney Disease,"Nocturia increases noticeably"
Chronic Kidney Disease,"Bedwetting occurs in adults"
Chronic Kidney Disease,"Incontinence may develop"
Chronic Kidney Disease,"Urinary urgency becomes new symptom"
Chronic Kidney Disease,"Pain with urination may occur"
Chronic Kidney Disease,"Burning during urination present"
Chronic Kidney Disease,"Kidney area pain becomes persistent"
Chronic Kidney Disease,"Flank pain doesn't resolve"
Chronic Kidney Disease,"Back ache becomes constant feature"
Chronic Kidney Disease,"Abdominal pain may be associated"
Chronic Kidney Disease,"Side pain recurs frequently"
Chronic Kidney Disease,"Joint pain from gout may develop"
Chronic Kidney Disease,"Bone pain becomes significant issue"
Chronic Kidney Disease,"Muscle aches become generalized"
Chronic Kidney Disease,"Cramps in legs become severe"
Chronic Kidney Disease,"Restless legs syndrome develops"
Chronic Kidney Disease,"Itching occurs without apparent cause"
Chronic Kidney Disease,"Skin dryness becomes extreme"
Chronic Kidney Disease,"Skin color changes become noticeable"
Chronic Kidney Disease,"Pale skin appearance develops"
Chronic Kidney Disease,"Yellow skin tint may appear"
Chronic Kidney Disease,"Easy bruising becomes noticeable"
Chronic Kidney Disease,"Bleeding gums become common"
Chronic Kidney Disease,"Nosebleeds occur frequently"
Chronic Kidney Disease,"Blood in stool may be possible"
Chronic Kidney Disease,"Anemia symptoms become prominent"
Chronic Kidney Disease,"Shortness of breath worsens"
Chronic Kidney Disease,"Dizziness becomes frequent"
Chronic Kidney Disease,"Lightheadedness occurs commonly"
Chronic Kidney Disease,"Fainting spells may occur rarely"
Chronic Kidney Disease,"Rapid heartbeat happens sometimes"
Chronic Kidney Disease,"Chest palpitations may occur"
Chronic Kidney Disease,"Swelling in hands becomes noticeable"
Chronic Kidney Disease,"Face puffiness worse in morning"
Chronic Kidney Disease,"Abdominal swelling may develop"
Chronic Kidney Disease,"Weight gain from fluid occurs"
Chronic Kidney Disease,"Breathing difficulties increase"
Chronic Kidney Disease,"Cough from fluid buildup develops"
Chronic Kidney Disease,"High blood pressure persists"
Chronic Kidney Disease,"Vision problems may develop"
Chronic Kidney Disease,"Headaches become persistent"
Migraine,"Throbbing headaches on one side of head"
Migraine,"Light and sound sensitivity triggers nausea"
Migraine,"Head pain worsens with physical activity"
Migraine,"Visual disturbances appear before headache starts"
Migraine,"Headaches are severe and keep recurring"
Migraine,"Feeling dizzy and nauseous during attacks"
Migraine,"Pain lasts several hours with occasional vomiting"
Migraine,"Experience aura before the migraine begins"
Migraine,"Headache intensifies at night or during stress"
Migraine,"Neck stiffness accompanies the headache pain"
Migraine,"Aura includes flashing lights or zigzag lines"
Migraine,"Blind spots appear in visual field temporarily"
Migraine,"Tingling sensation in face or hands occurs"
Migraine,"Difficulty speaking clearly during aura phase"
Migraine,"Headache typically lasts 4 to 72 hours"
Migraine,"Pain feels pulsating or pounding in quality"
Migraine,"Routine physical activity aggravates pain"
Migraine,"Want to lie down in dark quiet room"
Migraine,"Sensitivity to smells during migraine"
Migraine,"Food cravings before migraine attacks"
Migraine,"Yawning and fatigue before headache starts"
Migraine,"Neck pain precedes the migraine headache"
Migraine,"Irritability and mood changes occur"
Migraine,"Depression follows migraine attacks"
Migraine,"Abdominal pain accompanies headache"
Migraine,"Confusion and difficulty thinking"
Migraine,"Nasal congestion and runny nose"
Migraine,"Eye pain and pressure behind eyes"
Migraine,"Scalp tenderness and sensitivity"
Migraine,"Feverish feeling without actual fever"
Migraine,"Pale skin during migraine episode"
Migraine,"Cold hands and feet during attack"
Migraine,"Frequent urination before headache"
Migraine,"Constipation or diarrhea occurs"
Migraine,"Stiffness in shoulders and back"
Migraine,"Difficulty concentrating during migraine"
Migraine,"Memory problems during episodes"
Migraine,"Anxiety increases before headache"
Migraine,"Insomnia due to migraine pain"
Migraine,"Fatigue persists after headache ends"
Migraine,"Weakness on one side of body"
Migraine,"Speech difficulties during severe attacks"
Migraine,"Vision blurring in one or both eyes"
Migraine,"Tearing from one eye"
Migraine,"Drooping eyelid on one side"
Migraine,"Numbness around mouth area"
Migraine,"Ringing in ears during migraine"
Migraine,"Loss of balance and coordination"
Migraine,"Increased thirst during attacks"
Migraine,"Food sensitivities develop"
Migraine,"Chocolate triggers migraines"
Migraine,"Cheese worsens headache pain"
Migraine,"Red wine causes migraines"
Migraine,"Caffeine withdrawal triggers"
Migraine,"Weather changes precipitate attacks"
Migraine,"Bright lights trigger pain"
Migraine,"Loud noises worsen symptoms"
Migraine,"Strong odors initiate migraine"
Migraine,"Stress is major trigger factor"
Migraine,"Hormonal changes affect frequency"
Migraine,"Menstrual cycle influences timing"
Migraine,"Oral contraceptives worsen"
Migraine,"Pregnancy may improve symptoms"
Migraine,"Menopause changes pattern"
Migraine,"Sleep changes trigger attacks"
Migraine,"Oversleeping causes headaches"
Migraine,"Undersleeping initiates pain"
Migraine,"Jet lag precipitates migraines"
Migraine,"Altitude changes trigger"
Migraine,"Physical exertion worsens"
Migraine,"Sexual activity may trigger"
Migraine,"Neck injury predisposes"
Migraine,"Family history common"
Migraine,"Childhood onset possible"
Migraine,"Worsens with age sometimes"
Migraine,"Improves with age occasionally"
Migraine,"Chronic daily headache develops"
Migraine,"Medication overuse headache"
Migraine,"Status migrainosus occurs"
Migraine,"Aura without headache happens"
Migraine,"Retinal migraine affects vision"
Migraine,"Vestibular migraine causes dizziness"
Migraine,"Abdominal migraine in children"
Migraine,"Hemiplegic migraine causes weakness"
Migraine,"Ophthalmoplegic migraine rare"
Migraine,"Basilar-type migraine serious"
Migraine,"Menstrual migraine pattern"
Migraine,"Cluster migraine features"
Migraine,"Tension-type overlap occurs"
Migraine,"Sinus symptoms accompany"
Migraine,"Allergy symptoms present"
Migraine,"Asthma associated sometimes"
Migraine,"Depression commonly comorbid"
Migraine,"Anxiety disorders frequent"
Migraine,"Epilepsy association exists"
Migraine,"Stroke risk increases slightly"
Migraine,"Heart disease association"
Migraine,"Raynaud phenomenon common"
Migraine,"Irritable bowel associated"
Migraine,"Fibromyalgia often coexists"
Gastritis,"Burning pain in upper abdomen"
Gastritis,"Nausea and bloating frequent occurrences"
Gastritis,"Heartburn worsens after eating spicy foods"
Gastritis,"Stomach discomfort increases at night"
Gastritis,"Appetite reduced due to stomach pain"
Gastritis,"Burping frequently and feeling full quickly"
Gastritis,"Acid reflux causes sour taste in mouth"
Gastritis,"Discomfort after drinking alcohol"
Gastritis,"Stomach pain worsens on empty stomach"
Gastritis,"Intermittent vomiting with the pain"
Gastritis,"Black tarry stools indicate bleeding"
Gastritis,"Stomach feels tender to touch"
Gastritis,"Pain improves after eating bland foods"
Gastritis,"Feeling of fullness after small meals"
Gastritis,"Loss of appetite and weight loss"
Gastritis,"Indigestion after fatty foods"
Gastritis,"Chronic gastritis causes fatigue"
Gastritis,"Autoimmune gastritis affects B12 absorption"
Gastritis,"H pylori infection causes symptoms"
Gastritis,"Stress-induced gastritis occurs"
Gastritis,"NSAID use triggers stomach inflammation"
Gastritis,"Alcohol consumption worsens condition"
Gastritis,"Smoking aggravates gastritis symptoms"
Gastritis,"Pain radiates to the back sometimes"
Gastritis,"Bloating and gas are problematic"
Gastritis,"Bad breath from stomach issues"
Gastritis,"White coating on tongue"
Gastritis,"Metallic taste in mouth"
Gastritis,"Excessive salivation"
Gastritis,"Difficulty swallowing"
Gastritis,"Feeling of lump in throat"
Gastritis,"Rapid heartbeat after eating"
Gastritis,"Dizziness with stomach pain"
Gastritis,"Pale skin from anemia"
Gastritis,"Brittle nails from malnutrition"
Gastritis,"Hair loss from poor absorption"
Gastritis,"Weakness and fatigue constant"
Gastritis,"Headaches from discomfort"
Gastritis,"Sleep disturbances from pain"
Gastritis,"Anxiety about eating"
Gastritis,"Depression from chronic pain"
Gastritis,"Social isolation due to symptoms"
Gastritis,"Work absence due to flare-ups"
Gastritis,"Exercise intolerance"
Gastritis,"Food fear develops"
Gastritis,"Specific food intolerances"
Gastritis,"Dairy products worsen"
Gastritis,"Wheat causes problems"
Gastritis,"Spicy foods trigger"
Gastritis,"Acidic foods irritate"
Gastritis,"Coffee aggravates symptoms"
Gastritis,"Chocolate causes discomfort"
Gastritis,"Fried foods problematic"
Gastritis,"Processed foods worsen"
Gastritis,"Raw vegetables difficult"
Gastritis,"Fruits sometimes irritate"
Gastritis,"Meat hard to digest"
Gastritis,"Eating late worsens"
Gastritis,"Large meals problematic"
Gastritis,"Eating quickly causes pain"
Gastritis,"Stress eating worsens"
Gastritis,"Emotional eating triggers"
Gastritis,"Seasonal variations occur"
Gastritis,"Weather changes affect"
Gastritis,"Travel exacerbates symptoms"
Gastritis,"Work stress precipitates"
Gastritis,"Family stress triggers"
Gastritis,"Financial worries worsen"
Gastritis,"Sleep deprivation affects"
Gastritis,"Irregular schedule problems"
Gastritis,"Shift work aggravates"
Gastritis,"Medication side effects"
Gastritis,"Antibiotics sometimes cause"
Gastritis,"Pain medications trigger"
Gastritis,"Steroids can worsen"
Gastritis,"Chemotherapy affects"
Gastritis,"Radiation therapy causes"
Gastritis,"Surgery can precipitate"
Gastritis,"Hospitalization triggers"
Gastritis,"Infection elsewhere affects"
Gastritis,"Autoimmune conditions associated"
Gastritis,"Thyroid problems connected"
Gastritis,"Diabetes can worsen"
Gastritis,"Kidney disease associated"
Gastritis,"Liver problems connected"
Gastritis,"Heart conditions related"
Gastritis,"Lung disease association"
Gastritis,"Neurological conditions"
Gastritis,"Psychiatric disorders"
Gastritis,"Eating disorders common"
Gastritis,"Substance abuse issues"
Gastritis,"Genetic predisposition"
Gastritis,"Family history important"
Gastritis,"Age-related changes"
Gastritis,"Childhood gastritis"
Gastritis,"Teenage onset common"
Gastritis,"Adult presentation"
Gastritis,"Elderly gastritis"
Gastritis,"Gender differences"
Gastritis,"Pregnancy affects"
Anemia,"Feeling weak and fatigued most of the day"
Anemia,"Skin and eyelids appear unusually pale"
Anemia,"Shortness of breath occurs during mild activity"
Anemia,"Dizziness and lightheadedness are common"
Anemia,"Heart beats fast or irregularly sometimes"
Anemia,"Feeling unusually cold in hands and feet"
Anemia,"Experiencing headaches and poor concentration"
Anemia,"Tiring easily even after light work"
Anemia,"Nail brittleness and hair loss are noticeable"
Anemia,"Feeling faint occasionally when standing up"
Anemia,"Pale mucous membranes inside mouth"
Anemia,"Chest pain occurs during exertion"
Anemia,"Restless legs syndrome at night"
Anemia,"Craving for ice or strange substances"
Anemia,"Spoon-shaped nails develop"
Anemia,"Soreness of tongue and mouth"
Anemia,"Jaundice in hemolytic anemia"
Anemia,"Leg ulcers in sickle cell anemia"
Anemia,"Neurological symptoms in B12 deficiency"
Anemia,"Tinnitus or ringing in ears"
Anemia,"Cold intolerance is prominent"
Anemia,"Decreased work performance"
Anemia,"Exercise capacity reduced"
Anemia,"Pallor of palms and nail beds"
Anemia,"Heart murmurs may develop"
Anemia,"Rapid breathing on exertion"
Anemia,"Poor appetite and weight loss"
Anemia,"Irritability and mood changes"
Anemia,"Difficulty sleeping at night"
Anemia,"Pale conjunctiva visible"
Anemia,"Brittle hair that falls out"
Anemia,"Dry skin and itching"
Anemia,"Sores at corners of mouth"
Anemia,"Swollen tongue sometimes"
Anemia,"Numbness in extremities"
Anemia,"Balance problems occur"
Anemia,"Memory difficulties present"
Anemia,"Confusion in severe cases"
Anemia,"Pica cravings for non-food"
Anemia,"Clay eating behavior"
Anemia,"Starch craving unusual"
Anemia,"Paper chewing habit"
Anemia,"Ice chewing compulsive"
Anemia,"Fatigue worse in evening"
Anemia,"Weakness after meals"
Anemia,"Dizziness when bending"
Anemia,"Fainting spells rare"
Anemia,"Palpitations noticeable"
Anemia,"Swelling in legs sometimes"
Anemia,"Yellow skin in hemolysis"
Anemia,"Dark urine in some types"
Anemia,"Abdominal pain occasional"
Anemia,"Enlarged spleen possible"
Anemia,"Fever in certain anemias"
Anemia,"Infections more frequent"
Anemia,"Bleeding problems occur"
Anemia,"Easy bruising evident"
Anemia,"Nosebleeds more common"
Anemia,"Heavy menstrual periods"
Anemia,"Blood in stool possible"
Anemia,"Black tarry stools"
Anemia,"Vomiting blood rarely"
Anemia,"Weight loss unexplained"
Anemia,"Growth failure children"
Anemia,"Developmental delay"
Anemia,"Learning difficulties"
Anemia,"Behavior problems kids"
Anemia,"Poor school performance"
Anemia,"Work absence adults"
Anemia,"Social withdrawal"
Anemia,"Depression common"
Anemia,"Anxiety symptoms"
Anemia,"Quality of life poor"
Anemia,"Exercise avoidance"
Anemia,"Sports limitation"
Anemia,"Physical restriction"
Anemia,"Daily tasks difficult"
Anemia,"Climbing stairs hard"
Anemia,"Walking distances problematic"
Anemia,"Housework challenging"
Anemia,"Shopping difficult"
Anemia,"Cooking exhausting"
Anemia,"Cleaning too much"
Anemia,"Bathing tiresome"
Anemia,"Dressing fatiguing"
Anemia,"Grooming effortful"
Anemia,"Work capacity reduced"
Anemia,"Productivity decreased"
Anemia,"Career limitations"
Anemia,"Income affected"
Anemia,"Insurance issues"
Anemia,"Medical costs"
Anemia,"Treatment expenses"
Anemia,"Supplement costs"
Anemia,"Travel for care"
Anemia,"Time off work"
Anemia,"Family burden"
Anemia,"Caregiver stress"
Anemia,"Relationship strain"
Anemia,"Social isolation"
Osteoarthritis,"Joint stiffness and pain affect knees"
Osteoarthritis,"Pain increases with activity and eases at rest"
Osteoarthritis,"Swelling and tenderness present in joints"
Osteoarthritis,"Morning stiffness lasts about thirty minutes"
Osteoarthritis,"Cracking sounds occur when moving joints"
Osteoarthritis,"Difficulty climbing stairs due to pain"
Osteoarthritis,"Hips ache during prolonged sitting periods"
Osteoarthritis,"Hands feel stiff and swollen in mornings"
Osteoarthritis,"Joint pain worsens in cold weather"
Osteoarthritis,"Reduced flexibility in joints noticeable"
Osteoarthritis,"Bony enlargements in finger joints"
Osteoarthritis,"Heberden nodes at finger tips"
Osteoarthritis,"Bouchard nodes at middle joints"
Osteoarthritis,"Knee joints grind during movement"
Osteoarthritis,"Hip pain radiates to groin area"
Osteoarthritis,"Spine osteoarthritis causes back pain"
Osteoarthritis,"Joint deformity develops gradually"
Osteoarthritis,"Muscle weakness around affected joints"
Osteoarthritis,"Joint instability and giving way"
Osteoarthritis,"Pain worse at end of day"
Osteoarthritis,"Weather changes affect pain level"
Osteoarthritis,"Overweight worsens joint symptoms"
Osteoarthritis,"Previous joint injury predisposes"
Osteoarthritis,"Family history of arthritis exists"
Osteoarthritis,"Difficulty rising from chairs"
Osteoarthritis,"Problems with bending over"
Osteoarthritis,"Trouble lifting objects"
Osteoarthritis,"Pain that improves with gentle movement"
Osteoarthritis,"Walking distance limited"
Osteoarthritis,"Standing time reduced"
Osteoarthritis,"Sleep disturbed by pain"
Osteoarthritis,"Fatigue from discomfort"
Osteoarthritis,"Depression from limitations"
Osteoarthritis,"Anxiety about worsening"
Osteoarthritis,"Social activities limited"
Osteoarthritis,"Work capacity decreased"
Osteoarthritis,"Hobbies become difficult"
Osteoarthritis,"Sports participation stops"
Osteoarthritis,"Exercise tolerance low"
Osteoarthritis,"Mobility aids needed"
Osteoarthritis,"Pain medications required"
Osteoarthritis,"Physical therapy helpful"
Osteoarthritis,"Occupational therapy beneficial"
Osteoarthritis,"Joint injections sometimes"
Osteoarthritis,"Surgery consideration eventual"
Osteoarthritis,"Quality of life affected"
Osteoarthritis,"Daily tasks challenging"
Osteoarthritis,"Personal care difficult"
Osteoarthritis,"Household chores hard"
Osteoarthritis,"Shopping becomes burden"
Osteoarthritis,"Driving sometimes painful"
Osteoarthritis,"Travel limitations occur"
Osteoarthritis,"Recreation restricted"
Osteoarthritis,"Family role changes"
Osteoarthritis,"Relationship strain"
Osteoarthritis,"Financial burden"
Osteoarthritis,"Medical costs significant"
Osteoarthritis,"Time off work"
Osteoarthritis,"Early retirement possible"
Osteoarthritis,"Disability application"
Osteoarthritis,"Insurance challenges"
Osteoarthritis,"Treatment adherence"
Osteoarthritis,"Medication side effects"
Osteoarthritis,"Supplement use common"
Osteoarthritis,"Diet modifications tried"
Osteoarthritis,"Weight loss attempts"
Osteoarthritis,"Exercise programs"
Osteoarthritis,"Swimming beneficial"
Osteoarthritis,"Walking helpful moderate"
Osteoarthritis,"Cycling sometimes good"
Osteoarthritis,"Yoga adapted forms"
Osteoarthritis,"Tai chi beneficial"
Osteoarthritis,"Physical activity important"
Osteoarthritis,"Rest periods necessary"
Osteoarthritis,"Sleep position adjustments"
Osteoarthritis,"Chair selection important"
Osteoarthritis,"Bed modifications helpful"
Osteoarthritis,"Bathroom safety measures"
Osteoarthritis,"Home adaptations needed"
Osteoarthritis,"Workplace modifications"
Osteoarthritis,"Car adaptations sometimes"
Osteoarthritis,"Mobility equipment"
Osteoarthritis,"Walking aids useful"
Osteoarthritis,"Orthotics sometimes"
Osteoarthritis,"Braces for support"
Osteoarthritis,"Splints for rest"
Osteoarthritis,"Heat therapy helpful"
Osteoarthritis,"Cold packs beneficial"
Osteoarthritis,"Massage therapy"
Osteoarthritis,"Acupuncture tried"
Osteoarthritis,"Chiropractic care"
Osteoarthritis,"Osteopathic manipulation"
Osteoarthritis,"Naturopathic approaches"
Osteoarthritis,"Herbal remedies"
Osteoarthritis,"Traditional medicine"
Osteoarthritis,"Cultural practices"
Osteoarthritis,"Spiritual healing"
Osteoarthritis,"Mind-body techniques"
Osteoarthritis,"Meditation practice"
Osteoarthritis,"Relaxation methods"
Chickenpox,"Itchy red spots all over body"
Chickenpox,"Blisters appear on face and torso"
Chickenpox,"Fever accompanies the skin rash"
Chickenpox,"Feeling tired with body aches"
Chickenpox,"Blisters crust over after few days"
Chickenpox,"Rash spreads from torso to limbs"
Chickenpox,"Itching worsens significantly at night"
Chickenpox,"Mild nausea and general discomfort"
Chickenpox,"Rash appears in clusters very itchy"
Chickenpox,"Headaches along with fever and rash"
Chickenpox,"Rash appears in successive crops"
Chickenpox,"Lesions in different stages present"
Chickenpox,"Fever precedes rash by 1-2 days"
Chickenpox,"Contagious until all lesions crusted"
Chickenpox,"Scratching leads to bacterial infection"
Chickenpox,"Lesions can scar if scratched excessively"
Chickenpox,"Mouth and genital lesions painful"
Chickenpox,"Immunocompromised get severe disease"
Chickenpox,"Pneumonia complication in adults"
Chickenpox,"Encephalitis rare complication"
Chickenpox,"Reye syndrome with aspirin use"
Chickenpox,"Congenital varicella in pregnancy"
Chickenpox,"Shingles may develop later"
Chickenpox,"Loss of appetite common"
Chickenpox,"Sore throat sometimes present"
Chickenpox,"Cough may develop"
Chickenpox,"Runny nose occasional"
Chickenpox,"Swollen lymph nodes"
Chickenpox,"Dehydration risk"
Chickenpox,"Fatigue persistent"
Chickenpox,"Irritability in children"
Chickenpox,"Sleep disturbance"
Chickenpox,"Difficulty concentrating"
Chickenpox,"School absence required"
Chickenpox,"Work missed necessary"
Chickenpox,"Isolation needed"
Chickenpox,"Bathing restrictions"
Chickenpox,"Lotion application helpful"
Chickenpox,"Antihistamines for itching"
Chickenpox,"Pain relievers careful"
Chickenpox,"Antiviral treatment possible"
Chickenpox,"Hospitalization rare"
Chickenpox,"Complication monitoring"
Chickenpox,"Fever management important"
Chickenpox,"Hydration essential"
Chickenpox,"Nutrition maintenance"
Chickenpox,"Rest crucial"
Chickenpox,"Recovery gradual"
Chickenpox,"Immunity lifelong usually"
Chickenpox,"Vaccine available"
Chickenpox,"Prevention possible"
Chickenpox,"Outbreak concerns"
Chickenpox,"School exclusion"
Chickenpox,"Workplace avoidance"
Chickenpox,"Travel restrictions"
Chickenpox,"Public health notification"
Chickenpox,"Infection control"
Chickenpox,"Hand hygiene important"
Chickenpox,"Surface cleaning"
Chickenpox,"Laundry precautions"
Chickenpox,"Dish sharing avoidance"
Chickenpox,"Utensil separation"
Chickenpox,"Towel individual use"
Chickenpox,"Bedding changes frequent"
Chickenpox,"Nail trimming prevents scratching"
Chickenpox,"Mittens for children"
Chickenpox,"Cool baths soothing"
Chickenpox,"Oatmeal baths helpful"
Chickenpox,"Baking soda baths"
Chickenpox,"Calamine lotion application"
Chickenpox,"Antibiotics if infected"
Chickenpox,"Fever reducers careful"
Chickenpox,"Aspirin avoidance critical"
Chickenpox,"Ibuprofen caution"
Chickenpox,"Acetaminophen appropriate"
Chickenpox,"Antiviral timing important"
Chickenpox,"Treatment duration"
Chickenpox,"Symptom monitoring"
Chickenpox,"Complication signs watch"
Chickenpox,"Breathing difficulty emergency"
Chickenpox,"Confusion concerning"
Chickenpox,"Severe headache warning"
Chickenpox,"Stiff neck alarming"
Chickenpox,"Vision changes serious"
Chickenpox,"Balance problems concerning"
Chickenpox,"Seizures emergency"
Chickenpox,"Dehydration signs"
Chickenpox,"Urine output monitoring"
Chickenpox,"Skin infection signs"
Chickenpox,"Fever persistence"
Chickenpox,"Rash worsening"
Chickenpox,"New symptoms development"
Chickenpox,"Medication reactions"
Chickenpox,"Allergy concerns"
Chickenpox,"Side effects monitoring"
Chickenpox,"Follow-up care"
Chickenpox,"Recovery timeline"
Chickenpox,"Return to school"
Chickenpox,"Work resumption"
Chickenpox,"Activity gradual"
Diabetes,"Feeling thirsty all the time"
Diabetes,"Frequent urination disturbing sleep"
Diabetes,"Feeling fatigued and weak daily"
Diabetes,"Blurred vision occurs occasionally"
Diabetes,"Slow-healing cuts and bruises"
Diabetes,"Hands and feet feel numb sometimes"
Diabetes,"Sudden weight loss without trying"
Diabetes,"Skin infections keep recurring"
Diabetes,"Feeling hungry even after eating"
Diabetes,"Tingling sensation in legs"
Diabetes,"Frequent yeast infections"
Diabetes,"Areas of darkened skin appear"
Diabetes,"Mood changes and irritability"
Diabetes,"Dry mouth persists constantly"
Diabetes,"Itchy skin especially in groin"
Diabetes,"Sweet fruity breath odor"
Diabetes,"Confusion or difficulty thinking"
Diabetes,"Loss of consciousness in severe cases"
Diabetes,"Diabetic ketoacidosis symptoms"
Diabetes,"Hyperosmolar hyperglycemic state"
Diabetes,"Foot ulcers develop slowly"
Diabetes,"Vision changes fluctuate"
Diabetes,"Increased appetite despite weight loss"
Diabetes,"Bedwetting in children"
Diabetes,"Irritability in kids"
Diabetes,"Growth problems children"
Diabetes,"Development delays possible"
Diabetes,"Learning difficulties sometimes"
Diabetes,"Behavior changes noticeable"
Diabetes,"School performance affected"
Diabetes,"Work productivity decreased"
Diabetes,"Social activities limited"
Diabetes,"Exercise tolerance reduced"
Diabetes,"Sexual dysfunction possible"
Diabetes,"Infertility concerns"
Diabetes,"Pregnancy complications"
Diabetes,"Birth risks increased"
Diabetes,"Heart disease risk higher"
Diabetes,"Stroke risk elevated"
Diabetes,"Kidney problems develop"
Diabetes,"Nerve damage gradual"
Diabetes,"Eye complications possible"
Diabetes,"Foot problems serious"
Diabetes,"Skin conditions frequent"
Diabetes,"Dental issues more common"
Diabetes,"Hearing impairment possible"
Diabetes,"Alzheimer risk increased"
Diabetes,"Depression more common"
Diabetes,"Anxiety disorders frequent"
Diabetes,"Eating disorders sometimes"
Diabetes,"Sleep problems common"
Diabetes,"Breathing issues possible"
Diabetes,"Digestive problems occur"
Diabetes,"Urinary tract infections"
Diabetes,"Skin infections frequent"
Diabetes,"Bone fractures more likely"
Diabetes,"Joint problems develop"
Diabetes,"Mobility issues possible"
Diabetes,"Balance problems occur"
Diabetes,"Coordination difficulties"
Diabetes,"Memory problems sometimes"
Diabetes,"Concentration issues"
Diabetes,"Decision making affected"
Diabetes,"Problem solving harder"
Diabetes,"Work performance decreased"
Diabetes,"Driving safety concerns"
Diabetes,"Medication management"
Diabetes,"Blood sugar monitoring"
Diabetes,"Diet restrictions necessary"
Diabetes,"Exercise planning important"
Diabetes,"Travel considerations"
Diabetes,"Insurance challenges"
Diabetes,"Cost of care significant"
Diabetes,"Time commitment substantial"
Diabetes,"Family burden possible"
Diabetes,"Relationship strain"
Diabetes,"Social isolation risk"
Diabetes,"Employment issues"
Diabetes,"Disability possible"
Diabetes,"Life expectancy affected"
Diabetes,"Quality of life impact"
Diabetes,"Daily management required"
Diabetes,"Emergency preparedness"
Diabetes,"Hospitalization sometimes"
Diabetes,"Surgery risks higher"
Diabetes,"Anesthesia concerns"
Diabetes,"Wound healing slow"
Diabetes,"Infection risk increased"
Diabetes,"Medication side effects"
Diabetes,"Treatment adherence"
Diabetes,"Monitoring frequency"
Diabetes,"Follow-up appointments"
Diabetes,"Specialist care needed"
Diabetes,"Team approach best"
Diabetes,"Education important"
Diabetes,"Self-management crucial"
Diabetes,"Support systems valuable"
Diabetes,"Technology helpful"
Diabetes,"Research ongoing"
Diabetes,"New treatments available"
Hypertension,"Occasional headaches and dizziness"
Hypertension,"Heart beats rapidly without reason"
Hypertension,"Shortness of breath on mild activity"
Hypertension,"Sometimes experience nosebleeds"
Hypertension,"Fatigue and weakness frequent"
Hypertension,"Blurred vision occasionally"
Hypertension,"Swelling occurs in feet and ankles"
Hypertension,"Chest discomfort during stress"
Hypertension,"Sleep disturbed due to palpitations"
Hypertension,"Occasional confusion and lightheadedness"
Hypertension,"Blood pressure readings consistently high"
Hypertension,"Family history of high blood pressure"
Hypertension,"Salt sensitivity causes pressure spikes"
Hypertension,"Fluttering in chest called heart palpitations"
Hypertension,"Blood spots in eyes from ruptured vessels"
Hypertension,"Facial flushing especially after exertion"
Hypertension,"Buzzing or whooshing sound in ears"
Hypertension,"Cold sweats without physical activity"
Hypertension,"Alcohol consumption raises pressure"
Hypertension,"Obesity contributes to hypertension"
Hypertension,"Stressful job affects blood pressure"
Hypertension,"Sleep apnea coexists with hypertension"
Hypertension,"Kidney disease causes secondary hypertension"
Hypertension,"Medication needed for control"
Hypertension,"Lifestyle changes help management"
Hypertension,"White coat hypertension in clinic"
Hypertension,"Malignant hypertension emergency"
Hypertension,"Retinal changes in eye exam"
Hypertension,"Heart enlargement possible"
Hypertension,"Kidney damage gradual"
Hypertension,"Stroke risk increased"
Hypertension,"Heart attack risk higher"
Hypertension,"Vision loss possible"
Hypertension,"Memory problems sometimes"
Hypertension,"Concentration difficulties"
Hypertension,"Balance issues occasional"
Hypertension,"Tinnitus or ringing ears"
Hypertension,"Facial flushing sometimes"
Hypertension,"Sweating episodes"
Hypertension,"Anxiety symptoms"
Hypertension,"Depression common"
Hypertension,"Sleep disturbances"
Hypertension,"Sexual dysfunction"
Hypertension,"Exercise intolerance"
Hypertension,"Heat sensitivity"
Hypertension,"Cold intolerance"
Hypertension,"Weather effects"
Hypertension,"Seasonal variations"
Hypertension,"Medication side effects"
Hypertension,"Treatment adherence issues"
Hypertension,"Cost concerns"
Hypertension,"Insurance challenges"
Hypertension,"Workplace stress"
Hypertension,"Family history strong"
Hypertension,"Age-related increase"
Hypertension,"Gender differences"
Hypertension,"Racial disparities"
Hypertension,"Socioeconomic factors"
Hypertension,"Education level"
Hypertension,"Access to care"
Hypertension,"Screening important"
Hypertension,"Early detection"
Hypertension,"Prevention possible"
Hypertension,"Lifestyle modifications"
Hypertension,"Diet changes necessary"
Hypertension,"Exercise beneficial"
Hypertension,"Weight management"
Hypertension,"Stress reduction"
Hypertension,"Sleep improvement"
Hypertension,"Alcohol moderation"
Hypertension,"Smoking cessation"
Hypertension,"Medication routine"
Hypertension,"Monitoring regular"
Hypertension,"Follow-up essential"
Hypertension,"Complication prevention"
Hypertension,"Quality of life impact"
Hypertension,"Daily management"
Hypertension,"Emergency planning"
Hypertension,"Hospitalization sometimes"
Hypertension,"Surgery considerations"
Hypertension,"Pregnancy concerns"
Hypertension,"Aging with condition"
Hypertension,"Long-term outlook"
Hypertension,"Research advances"
Hypertension,"New treatments"
Hypertension,"Hope maintenance"
Hypertension,"Coping strategies"
Hypertension,"Support systems"
Hypertension,"Patient education"
Hypertension,"Self-management"
Hypertension,"Advocacy important"
Hypertension,"Awareness raising"
Hypertension,"Community support"
Hypertension,"Online resources"
Hypertension,"Mobile apps helpful"
Hypertension,"Technology aids"
Hypertension,"Remote monitoring"
Hypertension,"Telemedicine options"
Hypertension,"Digital health"
Hypertension,"Future directions"
Flu,"Fever chills and body aches"
Flu,"Sore throat and cough persistent"
Flu,"Feeling extremely tired and weak"
Flu,"Headache and nasal congestion present"
Flu,"Sneezing and runny nose accompany fever"
Flu,"Experiencing mild nausea with body aches"
Flu,"Appetite very low currently"
Flu,"Feeling chills even under warm blankets"
Flu,"Muscle aches make movement uncomfortable"
Flu,"Occasionally coughing up clear phlegm"
Flu,"Sudden onset of symptoms"
Flu,"High fever up to 104F"
Flu,"Extreme exhaustion profound"
Flu,"Chest discomfort with cough"
Flu,"Complications like pneumonia"
Flu,"Seasonal occurrence typical"
Flu,"Vaccine prevents infection"
Flu,"Antiviral treatment available"
Flu,"Contagious before symptoms"
Flu,"Incubation 1-4 days"
Flu,"Duration 1-2 weeks"
Flu,"Weakness persists weeks"
Flu,"Cough may linger"
Flu,"Fatigue prolonged"
Flu,"Exercise intolerance"
Flu,"Work absence necessary"
Flu,"School missed required"
Flu,"Social isolation needed"
Flu,"Hydration important"
Flu,"Rest crucial recovery"
Flu,"Pain relievers helpful"
Flu,"Fever reducers appropriate"
Flu,"Antibiotics not effective"
Flu,"Complication monitoring"
Flu,"Hospitalization sometimes"
Flu,"Elderly risk higher"
Flu,"Children vulnerable"
Flu,"Pregnant women risk"
Flu,"Chronic conditions worsen"
Flu,"Asthma exacerbation"
Flu,"Diabetes affected"
Flu,"Heart problems possible"
Flu,"Kidney issues sometimes"
Flu,"Liver concerns rare"
Flu,"Neurological complications"
Flu,"Muscle inflammation"
Flu,"Joint pain possible"
Flu,"Ear infections children"
Flu,"Sinus infections possible"
Flu,"Bronchitis common"
Flu,"Pneumonia serious"
Flu,"Death possible rare"
Flu,"Prevention important"
Flu,"Hand hygiene critical"
Flu,"Surface cleaning"
Flu,"Avoidance sick people"
Flu,"Mask wearing helpful"
Flu,"Social distancing"
Flu,"Vaccine effectiveness"
Flu,"Yearly vaccination"
Flu,"Strain variations"
Flu,"Mutation concerns"
Flu,"Pandemic potential"
Flu,"Public health measures"
Flu,"School closures"
Flu,"Workplace adjustments"
Flu,"Travel restrictions"
Flu,"Economic impact"
Flu,"Healthcare burden"
Flu,"Emergency preparedness"
Flu,"Outbreak response"
Flu,"Surveillance systems"
Flu,"Research ongoing"
Flu,"Treatment development"
Flu,"Vaccine improvement"
Flu,"Global cooperation"
Flu,"Seasonal patterns"
Flu,"Geographic variations"
Flu,"Climate effects"
Flu,"Weather influences"
Flu,"Indoor crowding"
Flu,"School transmission"
Flu,"Workplace spread"
Flu,"Community outbreaks"
Flu,"Hospital outbreaks"
Flu,"Nursing home concerns"
Flu,"Vulnerable populations"
Flu,"Disparities evident"
Flu,"Access to care"
Flu,"Treatment timing"
Flu,"Early intervention"
Flu,"Symptom management"
Flu,"Comfort measures"
Flu,"Recovery support"
Flu,"Return to activities"
Flu,"Immunity duration"
Flu,"Reinfection possible"
Flu,"Strain cross-protection"
Flu,"Vaccine updates"
Flu,"Public education"
COVID-19,"Dry cough and shortness of breath"
COVID-19,"Fever and fatigue constant symptoms"
COVID-19,"Loss of taste and smell occurred suddenly"
COVID-19,"Feeling muscle aches and headaches"
COVID-19,"Sore throat and mild chest tightness"
COVID-19,"Experiencing chills and sweating episodes"
COVID-19,"Difficulty breathing worsens with activity"
COVID-19,"Feeling unusually tired even at rest"
COVID-19,"Gastrointestinal symptoms like diarrhea"
COVID-19,"Mild skin rashes appeared recently"
COVID-19,"Brain fog and confusion present"
COVID-19,"Sleep problems and insomnia"
COVID-19,"Anxiety and depression symptoms"
COVID-19,"Hair loss occurs after infection"
COVID-19,"Heart palpitations noticed"
COVID-19,"Joint pain persists weeks"
COVID-19,"Chest pain intermittent"
COVID-19,"Exercise intolerance develops"
COVID-19,"Memory problems evident"
COVID-19,"Long COVID symptoms continue"
COVID-19,"Vaccination status affects severity"
COVID-19,"Variant differences in symptoms"
COVID-19,"Testing positive confirmed"
COVID-19,"Isolation required"
COVID-19,"Quarantine necessary"
COVID-19,"Contact tracing"
COVID-19,"Public health measures"
COVID-19,"Mask wearing important"
COVID-19,"Social distancing"
COVID-19,"Hand hygiene critical"
COVID-19,"Surface cleaning"
COVID-19,"Ventilation important"
COVID-19,"Vaccine available"
COVID-19,"Booster shots recommended"
COVID-19,"Treatment options"
COVID-19,"Antiviral medications"
COVID-19,"Monoclonal antibodies"
COVID-19,"Hospitalization sometimes"
COVID-19,"ICU care possible"
COVID-19,"Ventilator support"
COVID-19,"Recovery variable"
COVID-19,"Reinfection possible"
COVID-19,"New variants concern"
COVID-19,"Global pandemic"
COVID-19,"Travel restrictions"
COVID-19,"Economic impact"
COVID-19,"Healthcare strain"
COVID-19,"Mental health impact"
COVID-19,"Education disruption"
COVID-19,"Work changes"
COVID-19,"Remote work"
COVID-19,"Online learning"
COVID-19,"Social isolation"
COVID-19,"Family separation"
COVID-19,"Grief and loss"
COVID-19,"Trauma responses"
COVID-19,"Stress increased"
COVID-19,"Anxiety disorders"
COVID-19,"Depression rates"
COVID-19,"Substance use"
COVID-19,"Domestic violence"
COVID-19,"Child abuse risk"
COVID-19,"Elder neglect"
COVID-19,"Disparities evident"
COVID-19,"Access issues"
COVID-19,"Vaccine equity"
COVID-19,"Treatment access"
COVID-19,"Testing availability"
COVID-19,"PPE shortages"
COVID-19,"Staffing shortages"
COVID-19,"Hospital capacity"
COVID-19,"Emergency preparedness"
COVID-19,"Research accelerated"
COVID-19,"Scientific collaboration"
COVID-19,"Treatment development"
COVID-19,"Vaccine development"
COVID-19,"Public health infrastructure"
COVID-19,"Global cooperation"
COVID-19,"Lessons learned"
COVID-19,"Future preparedness"
COVID-19,"Pandemic planning"
COVID-19,"Outbreak response"
COVID-19,"Surveillance systems"
COVID-19,"Early warning"
COVID-19,"Rapid response"
COVID-19,"COVID toes with red or purple lesions"
COVID-19,"Pink eye or conjunctivitis symptoms"
COVID-19,"Community engagement"
COVID-19,"Communication important"
COVID-19,"Trust building"
COVID-19,"Misinformation combat"
COVID-19,"Education crucial"
COVID-19,"Awareness raising"
COVID-19,"Prevention emphasis"
COVID-19,"Protection measures"
COVID-19,"Risk reduction"
COVID-19,"Vulnerable protection"
COVID-19,"Workplace safety"
COVID-19,"School safety"
COVID-19,"Healthcare safety"
Tuberculosis,"Persistent cough lasting more than weeks"
Tuberculosis,"Feeling fatigue and night sweats"
Tuberculosis,"Weight loss noticeable without trying"
Tuberculosis,"Chest pain occurs while breathing deeply"
Tuberculosis,"Experiencing mild fever in the evenings"
Tuberculosis,"Coughing sometimes brings up blood"
Tuberculosis,"Shortness of breath worsens gradually"
Tuberculosis,"Having swelling in the lymph nodes"
Tuberculosis,"Feeling chills and loss of appetite"
Tuberculosis,"Body aches even with adequate rest"
Tuberculosis,"Contact with TB patient confirmed"
Tuberculosis,"Immune compromised status"
Tuberculosis,"Previous TB infection history"
Tuberculosis,"Travel to high-risk areas"
Tuberculosis,"Healthcare worker exposure"
Tuberculosis,"HIV coinfection possible"
Tuberculosis,"Drug-resistant strain suspected"
Tuberculosis,"Extrapulmonary TB symptoms"
Tuberculosis,"TB meningitis headaches"
Tuberculosis,"Bone TB causes pain"
Tuberculosis,"Genitourinary TB symptoms"
Tuberculosis,"Miliary TB widespread"
Tuberculosis,"Diagnosis confirmed"
Tuberculosis,"Treatment lengthy"
Tuberculosis,"Medication adherence critical"
Tuberculosis,"Side effects management"
Tuberculosis,"Monitoring regular"
Tuberculosis,"Follow-up essential"
Tuberculosis,"Contact investigation"
Tuberculosis,"Infection control"
Tuberculosis,"Isolation sometimes"
Tuberculosis,"Public health reporting"
Tuberculosis,"Global health concern"
Tuberculosis,"Poverty association"
Tuberculosis,"Malnutrition risk"
Tuberculosis,"Overcrowding factor"
Tuberculosis,"Ventilation important"
Tuberculosis,"Prevention possible"
Tuberculosis,"Vaccine available"
Tuberculosis,"BCG vaccination"
Tuberculosis,"Screening programs"
Tuberculosis,"Early detection"
Tuberculosis,"Treatment success"
Tuberculosis,"Cure achievable"
Tuberculosis,"Drug resistance concern"
Tuberculosis,"Research ongoing"
Tuberculosis,"New treatments"
Tuberculosis,"Diagnostic advances"
Tuberculosis,"Point-of-care tests"
Tuberculosis,"Molecular diagnostics"
Tuberculosis,"Imaging studies"
Tuberculosis,"Chest X-ray changes"
Tuberculosis,"Sputum testing"
Tuberculosis,"Culture confirmation"
Tuberculosis,"Drug sensitivity"
Tuberculosis,"Treatment monitoring"
Tuberculosis,"Symptom improvement"
Tuberculosis,"Weight gain expected"
Tuberculosis,"Appetite return"
Tuberculosis,"Energy improvement"
Tuberculosis,"Cough resolution"
Tuberculosis,"Fever disappearance"
Tuberculosis,"Night sweats stop"
Tuberculosis,"Return to work"
Tuberculosis,"Social reintegration"
Tuberculosis,"Stigma concerns"
Tuberculosis,"Discrimination possible"
Tuberculosis,"Mental health impact"
Tuberculosis,"Depression common"
Tuberculosis,"Anxiety symptoms"
Tuberculosis,"Treatment burden"
Tuberculosis,"Cost considerations"
Tuberculosis,"Access to care"
Tuberculosis,"Health disparities"
Tuberculosis,"Global efforts"
Tuberculosis,"WHO guidelines"
Tuberculosis,"National programs"
Tuberculosis,"Community engagement"
Tuberculosis,"Patient support"
Tuberculosis,"Adherence support"
Tuberculosis,"Directly observed therapy"
Tuberculosis,"Mobile health"
Tuberculosis,"Digital adherence"
Tuberculosis,"Telemedicine options"
Tuberculosis,"Remote monitoring"
Tuberculosis,"Home-based care"
Tuberculosis,"Community treatment"
Tuberculosis,"Primary care integration"
Tuberculosis,"Specialist referral"
Tuberculosis,"Hospitalization sometimes"
Tuberculosis,"Surgery rarely"
Tuberculosis,"Rehabilitation needed"
Tuberculosis,"Nutrition support"
Tuberculosis,"Social services"
Tuberculosis,"Economic support"
Tuberculosis,"Employment concerns"
Tuberculosis,"Housing issues"
Tuberculosis,"Food security"
Tuberculosis,"Transportation needs"
Tuberculosis,"Education important"
Allergy,"Sneezing and runny nose frequently"
Allergy,"Itchy eyes and watery eyes common"
Allergy,"Rashes appear after exposure to pollen"
Allergy,"Swelling occurs around lips and eyes"
Allergy,"Feeling fatigued and irritable often"
Allergy,"Hives appear after eating certain foods"
Allergy,"Occasional headaches and congestion"
Allergy,"Throat feels itchy and tight sometimes"
Allergy,"Skin redness after contact with materials"
Allergy,"Experiencing mild nausea after eating triggers"
Allergy,"Seasonal patterns to symptoms"
Allergy,"Family history of allergies"
Allergy,"Asthma symptoms triggered"
Allergy,"Anaphylaxis severe reaction"
Allergy,"Food allergy identified"
Allergy,"Drug allergy reaction"
Allergy,"Insect sting allergy"
Allergy,"Latex allergy present"
Allergy,"Dust mite allergy"
Allergy,"Pet dander allergy"
Allergy,"Mold allergy symptoms"
Allergy,"Testing available"
Allergy,"Diagnosis confirmed"
Allergy,"Treatment options"
Allergy,"Avoidance strategies"
Allergy,"Medication management"
Allergy,"Immunotherapy possible"
Allergy,"Emergency preparedness"
Allergy,"Epinephrine auto-injector"
Allergy,"Action plan important"
Allergy,"School accommodations"
Allergy,"Workplace adjustments"
Allergy,"Restaurant dining caution"
Allergy,"Travel considerations"
Allergy,"Label reading essential"
Allergy,"Cross-contamination awareness"
Allergy,"Kitchen safety"
Allergy,"Social situations challenging"
Allergy,"Eating out anxiety"
Allergy,"Birthday parties difficult"
Allergy,"School events concerning"
Allergy,"Work functions stressful"
Allergy,"Family gatherings careful"
Allergy,"Holiday meals planning"
Allergy,"Cultural food issues"
Allergy,"Religious observance adjustments"
Allergy,"Sports participation concerns"
Allergy,"Exercise-induced reactions"
Allergy,"Weather influences"
Allergy,"Seasonal variations"
Allergy,"Climate change effects"
Allergy,"Pollution interaction"
Allergy,"Indoor air quality"
Allergy,"Outdoor exposure"
Allergy,"Pollen counts monitoring"
Allergy,"Mold spore levels"
Allergy,"Dust control measures"
Allergy,"Pet management strategies"
Allergy,"Home environment modifications"
Allergy,"Workplace accommodations"
Allergy,"School environment changes"
Allergy,"Vehicle considerations"
Allergy,"Hotel stays planning"
Allergy,"Air travel preparation"
Allergy,"Emergency room visits"
Allergy,"Hospitalization sometimes"
Allergy,"Specialist care needed"
Allergy,"Primary care coordination"
Allergy,"Team approach beneficial"
Allergy,"Patient education crucial"
Allergy,"Family education important"
Allergy,"School staff training"
Allergy,"Workplace awareness"
Allergy,"Community education"
Allergy,"Support groups helpful"
Allergy,"Online resources available"
Allergy,"Mobile apps useful"
Allergy,"Research ongoing"
Allergy,"New treatments developing"
Allergy,"Diagnostic advances"
Allergy,"Prevention strategies"
Allergy,"Early introduction research"
Allergy,"Microbiome studies"
Allergy,"Genetic factors"
Allergy,"Environmental factors"
Allergy,"Lifestyle influences"
Allergy,"Diet considerations"
Allergy,"Stress management"
Allergy,"Sleep quality"
Allergy,"Exercise benefits"
Allergy,"Mental health connection"
Allergy,"Quality of life impact"
Allergy,"Economic burden"
Allergy,"Healthcare costs"
Allergy,"Productivity loss"
Allergy,"School absence"
Allergy,"Work missed"
Allergy,"Social limitations"
Allergy,"Psychological impact"
Allergy,"Coping strategies"
Depression,"Feeling sad most of the day"
Depression,"Little interest in enjoyable activities"
Depression,"Sleep disturbed too much or too little"
Depression,"Feeling fatigued even after rest"
Depression,"Difficulty concentrating properly"
Depression,"Feeling hopeless about the future"
Depression,"Appetite changes either loss or overeating"
Depression,"Social interactions very challenging"
Depression,"Thoughts of self-harm occasionally"
Depression,"Feeling worthless and guilty frequently"
Depression,"Psychomotor agitation or retardation"
Depression,"Previous episodes of depression"
Depression,"Family history of depression"
Depression,"Seasonal pattern noticeable"
Depression,"Postpartum depression after childbirth"
Depression,"Grief complicated by depression"
Depression,"Medical illness contributes"
Depression,"Medication induced depression"
Depression,"Substance abuse coexists"
Depression,"Anxiety symptoms present"
Depression,"Irritability common"
Depression,"Anger outbursts sometimes"
Depression,"Crying spells frequent"
Depression,"Emotional numbness"
Depression,"Empty feeling inside"
Depression,"Loss of pleasure"
Depression,"Social withdrawal"
Depression,"Isolation increasing"
Depression,"Work performance decreased"
Depression,"School problems developing"
Depression,"Relationship difficulties"
Depression,"Family conflict"
Depression,"Financial stress"
Depression,"Legal problems possible"
Depression,"Health neglect"
Depression,"Self-care poor"
Depression,"Hygiene declining"
Depression,"Appearance deteriorating"
Depression,"Weight changes significant"
Depression,"Energy level low"
Depression,"Motivation lacking"
Depression,"Decision making impaired"
Depression,"Memory problems"
Depression,"Attention difficulties"
Depression,"Processing speed slow"
Depression,"Executive function impaired"
Depression,"Physical symptoms common"
Depression,"Headaches frequent"
Depression,"Digestive problems"
Depression,"Pain complaints"
Depression,"Sexual dysfunction"
Depression,"Sleep architecture disturbed"
Depression,"Dreams disturbing"
Depression,"Nightmares sometimes"
Depression,"Feeling like moving through mud physically"
Depression,"Loss of interest in personal hygiene"
Depression,"Feeling detached from own body or emotions"
Depression,"Early awakening"
Depression,"Difficulty falling asleep"
Depression,"Excessive sleeping"
Depression,"Daytime sleepiness"
Depression,"Circadian rhythm disrupted"
Depression,"Seasonal variations"
Depression,"Weather influences"
Depression,"Light sensitivity"
Depression,"Sound sensitivity"
Depression,"Smell sensitivity"
Depression,"Touch sensitivity"
Depression,"Pain sensitivity increased"
Depression,"Stress intolerance"
Depression,"Coping impaired"
Depression,"Problem solving difficult"
Depression,"Adaptation poor"
Depression,"Resilience decreased"
Depression,"Vulnerability increased"
Depression,"Self-esteem low"
Depression,"Self-confidence lacking"
Depression,"Self-criticism high"
Depression,"Perfectionism sometimes"
Depression,"Rumination common"
Depression,"Worry excessive"
Depression,"Fearfulness increased"
Depression,"Anxiety comorbid"
Depression,"Panic attacks possible"
Depression,"Phobias sometimes"
Depression,"OCD symptoms"
Depression,"PTSD possible"
Depression,"Personality disorders"
Depression,"Eating disorders"
Depression,"Substance disorders"
Depression,"Medical comorbidities"
Depression,"Treatment needed"
Depression,"Therapy beneficial"
Depression,"Medication helpful"
Depression,"Hospitalization sometimes"
Depression,"ECT consideration"
Depression,"TMS option"
Depression,"Ketamine emerging"
Depression,"Support crucial"
Depression,"Recovery possible"
Heart Attack,"Severe chest pain occurs suddenly"
Heart Attack,"Pain radiates to left arm and jaw"
Heart Attack,"Shortness of breath accompanies pain"
Heart Attack,"Feeling nausea and cold sweating"
Heart Attack,"Lightheadedness occurs suddenly"
Heart Attack,"Rapid heartbeat or palpitations present"
Heart Attack,"Pain lasts more than few minutes"
Heart Attack,"Symptoms worsen with physical activity"
Heart Attack,"Anxiety and fear appear during pain"
Heart Attack,"Feeling pressure or tightness in chest"
Heart Attack,"Indigestion-like symptoms"
Heart Attack,"Upper back pain present"
Heart Attack,"Extreme fatigue preceding"
Heart Attack,"Sleep disturbances before"
Heart Attack,"Family history of heart disease"
Heart Attack,"Previous heart conditions"
Heart Attack,"Risk factors present"
Heart Attack,"Emergency treatment needed"
Heart Attack,"Hospital admission required"
Heart Attack,"Pain that feels like elephant sitting on chest"
Heart Attack,"Discomfort between shoulder blades"
Heart Attack,"Unexplained anxiety or sense of doom"
Heart Attack,"Flu-like symptoms without fever"
Heart Attack,"Jaw pain on left side specifically"
Heart Attack,"Upper abdominal discomfort mistaken for indigestion"
Heart Attack,"Sudden overwhelming fatigue days before"
Heart Attack,"Cardiac enzymes elevated"
Heart Attack,"ECG changes evident"
Heart Attack,"Angioplasty possible"
Heart Attack,"Stent placement"
Heart Attack,"Bypass surgery sometimes"
Heart Attack,"Rehabilitation important"
Heart Attack,"Lifestyle changes necessary"
Heart Attack,"Medication long-term"
Heart Attack,"Monitoring ongoing"
Heart Attack,"Follow-up essential"
Heart Attack,"Secondary prevention"
Heart Attack,"Quality of life impact"
Heart Attack,"Return to work"
Heart Attack,"Activity modifications"
Heart Attack,"Exercise prescription"
Heart Attack,"Diet changes"
Heart Attack,"Weight management"
Heart Attack,"Blood pressure control"
Heart Attack,"Cholesterol management"
Heart Attack,"Diabetes control"
Heart Attack,"Smoking cessation"
Heart Attack,"Stress reduction"
Heart Attack,"Sleep improvement"
Heart Attack,"Alcohol moderation"
Heart Attack,"Driving restrictions"
Heart Attack,"Travel considerations"
Heart Attack,"Sexual activity guidance"
Heart Attack,"Workplace adjustments"
Heart Attack,"Disability possible"
Heart Attack,"Life expectancy affected"
Heart Attack,"Family impact significant"
Heart Attack,"Caregiver burden"
Heart Attack,"Financial concerns"
Heart Attack,"Insurance issues"
Heart Attack,"Medical costs"
Heart Attack,"Treatment adherence"
Heart Attack,"Symptom monitoring"
Heart Attack,"Emergency plan"
Heart Attack,"Support system"
Heart Attack,"Education important"
Heart Attack,"Self-management"
Heart Attack,"Technology aids"
Heart Attack,"Mobile health"
Heart Attack,"Remote monitoring"
Heart Attack,"Telemedicine options"
Heart Attack,"Research advances"
Heart Attack,"New treatments"
Heart Attack,"Stem cell research"
Heart Attack,"Regenerative medicine"
Heart Attack,"Prevention emphasis"
Heart Attack,"Screening important"
Heart Attack,"Early detection"
Heart Attack,"Risk assessment"
Heart Attack,"Genetic testing"
Heart Attack,"Biomarker research"
Heart Attack,"Imaging advances"
Heart Attack,"Interventional cardiology"
Heart Attack,"Surgical techniques"
Heart Attack,"Rehabilitation programs"
Heart Attack,"Psychological support"
Heart Attack,"Mental health care"
Heart Attack,"Depression common"
Heart Attack,"Anxiety frequent"
Heart Attack,"PTSD possible"
Heart Attack,"Quality of life"
Heart Attack,"Life satisfaction"
Heart Attack,"Purpose finding"
Heart Attack,"Meaning making"
Heart Attack,"Adaptation process"
Heart Attack,"Recovery journey"
Heart Attack,"Hope maintenance"
Heart Attack,"Coping strategies"
Heart Attack,"Resilience building"
Heart Attack,"Strength development"
Stroke,"Sudden numbness on one side of body"
Stroke,"Difficulty speaking or understanding speech"
Stroke,"Vision problems in one or both eyes"
Stroke,"Severe headache appears without known cause"
Stroke,"Loss of balance or coordination occurs"
Stroke,"Confusion and disorientation present"
Stroke,"Difficulty swallowing occurs suddenly"
Stroke,"Symptoms appear suddenly and worsen quickly"
Stroke,"Face drooping on one side noticeable"
Stroke,"Weakness in arm or leg on one side"
Stroke,"Ischemic stroke more common"
Stroke,"Hemorrhagic stroke severe"
Stroke,"Transient ischemic attack warning"
Stroke,"Risk factors identified"
Stroke,"Rehabilitation needed"
Stroke,"Speech therapy required"
Stroke,"Physical therapy ongoing"
Stroke,"Occupational therapy helps"
Stroke,"Hospitalization necessary"
Stroke,"ICU care sometimes"
Stroke,"Surgery possible"
Stroke,"Medication important"
Stroke,"Recovery variable"
Stroke,"Outcome unpredictable"
Stroke,"Disability possible"
Stroke,"Long-term care needed"
Stroke,"Home modifications"
Stroke,"Mobility aids"
Stroke,"Communication devices"
Stroke,"Swallowing precautions"
Stroke,"Nutrition considerations"
Stroke,"Hydration management"
Stroke,"Skin care important"
Stroke,"Bowel and bladder"
Stroke,"Sexual function affected"
Stroke,"Cognitive changes"
Stroke,"Memory problems"
Stroke,"Attention deficits"
Stroke,"Executive dysfunction"
Stroke,"Emotional lability"
Stroke,"Depression common"
Stroke,"Anxiety frequent"
Stroke,"Anger sometimes"
Stroke,"Frustration common"
Stroke,"Social withdrawal"
Stroke,"Relationship strain"
Stroke,"Family burden"
Stroke,"Caregiver stress"
Stroke,"Financial impact"
Stroke,"Employment issues"
Stroke,"Insurance challenges"
Stroke,"Transportation needs"
Stroke,"Home care services"
Stroke,"Nursing home possible"
Stroke,"Quality of life"
Stroke,"Life satisfaction"
Stroke,"Purpose finding"
Stroke,"Meaning making"
Stroke,"Adaptation process"
Stroke,"Recovery journey"
Stroke,"Hope maintenance"
Stroke,"Coping strategies"
Stroke,"Resilience building"
Stroke,"Strength development"
Stroke,"Community support"
Stroke,"Peer support"
Stroke,"Professional support"
Stroke,"Technology aids"
Stroke,"Adaptive equipment"
Stroke,"Home modifications"
Stroke,"Vehicle adaptations"
Stroke,"Workplace accommodations"
Stroke,"School reintegration"
Stroke,"Social participation"
Stroke,"Recreational activities"
Stroke,"Exercise programs"
Stroke,"Therapy continuation"
Stroke,"Monitoring ongoing"
Stroke,"Follow-up essential"
Stroke,"Prevention crucial"
Stroke,"Medication adherence"
Stroke,"Sudden trouble walking or dizziness"
Stroke,"Trouble understanding what others are saying"
Stroke,"Double vision or vision loss in one eye"
Stroke,"Sudden severe headache with vomiting"
Stroke,"Brief loss of consciousness or fainting"
Stroke,"Lifestyle modifications"
Stroke,"Risk factor control"
Stroke,"Blood pressure management"
Stroke,"Cholesterol control"
Stroke,"Diabetes management"
Stroke,"Smoking cessation"
Stroke,"Alcohol moderation"
Stroke,"Weight management"
Stroke,"Exercise regular"
Stroke,"Diet healthy"
Stroke,"Stress reduction"
Stroke,"Sleep quality"
Stroke,"Regular check-ups"
Stroke,"Emergency plan"
Kidney Stones,"Severe pain in back and lower abdomen"
Kidney Stones,"Pain comes in waves and fluctuates"
Kidney Stones,"Fever and chills appear with infection"
Kidney Stones,"Difficulty passing urine occasionally"
Kidney Stones,"Urine may appear pink red or brown"
Kidney Stones,"Nausea and vomiting accompany pain"
Kidney Stones,"Pain radiates to groin area"
Kidney Stones,"Urinary urgency occurs frequently"
Kidney Stones,"Sweating and restlessness with pain"
Kidney Stones,"Blood visible in the urine"
Kidney Stones,"Stone composition varies"
Kidney Stones,"Recurrent stones common"
Kidney Stones,"Dehydration contributes"
Kidney Stones,"Dietary factors involved"
Kidney Stones,"Family history present"
Kidney Stones,"Medical conditions predispose"
Kidney Stones,"Medications can cause"
Kidney Stones,"Imaging confirms diagnosis"
Kidney Stones,"Treatment depends on size"
Kidney Stones,"Passage spontaneous possible"
Kidney Stones,"Pain management important"
Kidney Stones,"Hydration crucial"
Kidney Stones,"Medical expulsive therapy"
Kidney Stones,"Urology consultation"
Kidney Stones,"Surgical options"
Kidney Stones,"Lithotripsy possible"
Kidney Stones,"Ureteroscopy sometimes"
Kidney Stones,"Percutaneous nephrolithotomy"
Kidney Stones,"Stent placement possible"
Kidney Stones,"Hospitalization sometimes"
Kidney Stones,"Recovery variable"
Kidney Stones,"Activity restrictions"
Kidney Stones,"Work absence possible"
Kidney Stones,"Pain medications needed"
Kidney Stones,"Antibiotics if infected"
Kidney Stones,"Follow-up important"
Kidney Stones,"Stone analysis"
Kidney Stones,"Metabolic evaluation"
Kidney Stones,"Prevention strategies"
Kidney Stones,"Diet modifications"
Kidney Stones,"Fluid intake increase"
Kidney Stones,"Salt reduction"
Kidney Stones,"Constant need to urinate with little output"
Kidney Stones,"Cloudy or foul-smelling urine"
Kidney Stones,"Shivering and fever if infection present"
Kidney Stones,"Pain that moves as stone travels"
Kidney Stones,"Inability to find comfortable position due to pain"
Kidney Stones,"Visible stone particles in urine after passing"
Kidney Stones,"Animal protein moderate"
Kidney Stones,"Oxalate awareness"
Kidney Stones,"Calcium appropriate"
Kidney Stones,"Citrate supplementation"
Kidney Stones,"Medication prevention"
Kidney Stones,"Monitoring regular"
Kidney Stones,"Imaging follow-up"
Kidney Stones,"Urine tests"
Kidney Stones,"Blood tests"
Kidney Stones,"Risk assessment"
Kidney Stones,"Recurrence prevention"
Kidney Stones,"Quality of life impact"
Kidney Stones,"Pain episodes disruptive"
Kidney Stones,"Work productivity affected"
Kidney Stones,"Social activities limited"
Kidney Stones,"Exercise interrupted"
Kidney Stones,"Travel concerns"
Kidney Stones,"Emergency preparedness"
Kidney Stones,"Insurance considerations"
Kidney Stones,"Cost of care"
Kidney Stones,"Treatment decisions"
Kidney Stones,"Second opinions"
Kidney Stones,"Research participation"
Kidney Stones,"New treatments"
Kidney Stones,"Technology advances"
Kidney Stones,"Minimally invasive options"
Kidney Stones,"Robotic surgery"
Kidney Stones,"Laser technology"
Kidney Stones,"Imaging improvements"
Kidney Stones,"Diagnostic accuracy"
Kidney Stones,"Prevention emphasis"
Kidney Stones,"Public education"
Kidney Stones,"Awareness raising"
Kidney Stones,"Support groups"
Kidney Stones,"Online resources"
Kidney Stones,"Mobile apps"
Kidney Stones,"Self-management"
Kidney Stones,"Symptom tracking"
Kidney Stones,"Fluid monitoring"
Kidney Stones,"Diet tracking"
Kidney Stones,"Medication adherence"
Kidney Stones,"Appointment keeping"
Kidney Stones,"Communication important"
Kidney Stones,"Team approach"
Kidney Stones,"Primary care"
Kidney Stones,"Urology care"
Kidney Stones,"Nutritionist input"
Kidney Stones,"Pharmacy support"
Kidney Stones,"Emergency care"
Kidney Stones,"Hospital care"
Kidney Stones,"Home care"
Kidney Stones,"Recovery support"
General Physician,"Cold hands and feet frequently"
General Physician,"Irregular menstrual cycles"
General Physician,"Feeling faint when standing up quickly"
General Physician,"Occasional headaches"
General Physician,"Feeling tired most of the time"
General Physician,"Sleep pattern disturbed"
General Physician,"Mild fever and body ache"
General Physician,"Feeling generally unwell today"
General Physician,"Low energy levels"
General Physician,"Occasional dizziness"
General Physician,"Annual checkup needed"
General Physician,"Routine blood tests"
General Physician,"Vaccinations current"
General Physician,"Preventive care important"
General Physician,"Health maintenance focus"
General Physician,"Screening tests due"
General Physician,"Medication review"
General Physician,"Lifestyle counseling"
General Physician,"Referral to specialist"
General Physician,"Follow-up appointment"
General Physician,"Health education provided"
General Physician,"Risk assessment done"
General Physician,"Weight management discussion"
General Physician,"Exercise recommendations"
General Physician,"Nutrition advice"
General Physician,"Stress management tips"
General Physician,"Sleep hygiene advice"
General Physician,"Alcohol consumption review"
General Physician,"Smoking status assessment"
General Physician,"Substance use screening"
General Physician,"Mental health screening"
General Physician,"Depression assessment"
General Physician,"Anxiety evaluation"
General Physician,"Cognitive screening"
General Physician,"Memory concerns"
General Physician,"Vision changes"
General Physician,"Hearing changes"
General Physician,"Dental health"
General Physician,"Skin examination"
General Physician,"Mole checking"
General Physician,"Breast examination"
General Physician,"Testicular examination"
General Physician,"Pelvic examination"
General Physician,"Prostate screening"
General Physician,"Bone density discussion"
General Physician,"Arthritis screening"
General Physician,"Diabetes screening"
General Physician,"Hypertension screening"
General Physician,"Cholesterol check"
General Physician,"Heart disease risk"
General Physician,"Stroke risk assessment"
General Physician,"Cancer screening appropriate"
General Physician,"Colonoscopy discussion"
General Physician,"Mammogram recommendation"
General Physician,"Pap smear current"
General Physician,"HPV vaccination"
General Physician,"Pneumococcal vaccine"
General Physician,"Influenza vaccine"
General Physician,"COVID-19 vaccine"
General Physician,"Travel vaccinations"
General Physician,"Occupational health"
General Physician,"Workplace safety"
General Physician,"Environmental concerns"
General Physician,"Allergy testing"
General Physician,"Immunization records"
General Physician,"Family history update"
General Physician,"Genetic counseling"
General Physician,"Advance directives"
General Physician,"Living will discussion"
General Physician,"Power of attorney"
General Physician,"Palliative care"
General Physician,"Hospice information"
General Physician,"Geriatric assessment"
General Physician,"Pediatric wellness"
General Physician,"Adolescent health"
General Physician,"Women's health"
General Physician,"Men's health"
General Physician,"LGBTQ health"
General Physician,"Cultural competence"
General Physician,"Language services"
General Physician,"Health literacy"
General Physician,"Patient education"
General Physician,"Self-management support"
General Physician,"Community resources"
General Physician,"Social services"
General Physician,"Mental health resources"
General Physician,"Substance treatment"
General Physician,"Nutrition programs"
General Physician,"Exercise facilities"
General Physician,"Support groups"
General Physician,"Online health resources"
General Physician,"Mobile health apps"
General Physician,"Telemedicine options"
General Physician,"After-hours care"
General Physician,"Urgent care locations"
General Physician,"Emergency department"
General Physician,"Hospital information"
General Physician,"Specialist network"
General Physician,"Insurance navigation"
General Physician,"Prescription assistance"